{ "results": [

  {"objectId":"53130f0ae4b02c7052869943","userObjectId":"5306b6bee4b068c9c65860b9","doingListChildObjectId":"53089931e4b01ec7d0915000","ACL":{"*":{"write":true,"read":true}},"createdAt":"2014-03-02T18:59:22.092Z","updatedAt":"2014-03-02T18:59:22.092Z"},
  {"objectId":"53130f20e4b02c705286994b","userObjectId":"5306b6bee4b068c9c65860b9","doingListChildObjectId":"53089983e4b01ec7d091509d","ACL":{"*":{"write":true,"read":true}},"createdAt":"2014-03-02T18:59:44.331Z","updatedAt":"2014-03-02T18:59:44.331Z"},
  {"objectId":"53131f18e4b02c705286a733","userObjectId":"5306b6bee4b068c9c65860b9","doingListChildObjectId":"530896ade4b01ec7d09149a0","ACL":{"*":{"write":true,"read":true}},"createdAt":"2014-03-02T20:07:52.075Z","updatedAt":"2014-03-02T20:07:52.075Z"},
  {"objectId":"53132202e4b02c705286a8d2","userObjectId":"5306b6bee4b068c9c65860b9","doingListChildObjectId":"530896a4e4b01ec7d091498e","ACL":{"*":{"write":true,"read":true}},"createdAt":"2014-03-02T20:20:18.371Z","updatedAt":"2014-03-02T20:20:18.371Z"},
  {"objectId":"53132208e4b02c705286a8db","userObjectId":"5306b6bee4b068c9c65860b9","doingListChildObjectId":"530896a4e4b01ec7d091498e","ACL":{"*":{"write":true,"read":true}},"createdAt":"2014-03-02T20:20:24.249Z","updatedAt":"2014-03-02T20:20:24.249Z"},
  {"objectId":"5313220de4b02c705286a8dc","userObjectId":"5306b6bee4b068c9c65860b9","doingListChildObjectId":"530896a4e4b01ec7d091498e","ACL":{"*":{"write":true,"read":true}},"createdAt":"2014-03-02T20:20:29.209Z","updatedAt":"2014-03-02T20:20:29.209Z"},
  {"objectId":"531322d4e4b02c705286a936","userObjectId":"5306b6bee4b068c9c65860b9","doingListChildObjectId":"530896a4e4b01ec7d091498e","ACL":{"*":{"write":true,"read":true}},"createdAt":"2014-03-02T20:23:48.452Z","updatedAt":"2014-03-02T20:23:48.452Z"},
  {"objectId":"5316b6fbe4b0f5f199cddd62","userObjectId":"5306b6bee4b068c9c65860b9","doingListChildObjectId":"5308997be4b01ec7d091508c","ACL":{"*":{"write":true,"read":true}},"createdAt":"2014-03-05T13:32:43.454Z","updatedAt":"2014-03-05T13:32:43.454Z"},
  {"objectId":"5316b70de4b0f5f199cddd94","userObjectId":"5306b6bee4b068c9c65860b9","doingListChildObjectId":"53089993e4b01ec7d09150ab","ACL":{"*":{"write":true,"read":true}},"createdAt":"2014-03-05T13:33:01.476Z","updatedAt":"2014-03-05T13:33:01.476Z"},
  {"objectId":"53183d72e4b0a0ce6ded2030","userObjectId":"5306b6bee4b068c9c65860b9","doingListChildObjectId":"530896ade4b01ec7d09149a0","ACL":{"*":{"write":true,"read":true}},"createdAt":"2014-03-06T17:18:42.682Z","updatedAt":"2014-03-06T17:18:42.682Z"},
  {"objectId":"53183d74e4b0a0ce6ded2031","userObjectId":"5306b6bee4b068c9c65860b9","doingListChildObjectId":"530896b4e4b01ec7d09149ac","ACL":{"*":{"write":true,"read":true}},"createdAt":"2014-03-06T17:18:44.211Z","updatedAt":"2014-03-06T17:18:44.211Z"},
  {"objectId":"53183d75e4b0a0ce6ded2032","userObjectId":"5306b6bee4b068c9c65860b9","doingListChildObjectId":"530896bde4b01ec7d09149d1","ACL":{"*":{"write":true,"read":true}},"createdAt":"2014-03-06T17:18:45.732Z","updatedAt":"2014-03-06T17:18:45.732Z"},
  {"objectId":"53183d77e4b0a0ce6ded2033","userObjectId":"5306b6bee4b068c9c65860b9","doingListChildObjectId":"530896bde4b01ec7d09149d1","ACL":{"*":{"write":true,"read":true}},"createdAt":"2014-03-06T17:18:47.253Z","updatedAt":"2014-03-06T17:18:47.253Z"},
  {"objectId":"5318452de4b0a0ce6ded2485","userObjectId":"5306b6bee4b068c9c65860b9","doingListChildObjectId":"530896ade4b01ec7d09149a0","ACL":{"*":{"write":true,"read":true}},"createdAt":"2014-03-06T17:51:41.727Z","updatedAt":"2014-03-06T17:51:41.727Z"},
  {"objectId":"531e8407e4b0d818eac1eaba","userObjectId":"5306b6bee4b068c9c65860b9","doingListChildObjectId":"530896a4e4b01ec7d091498e","ACL":{"*":{"write":true,"read":true}},"createdAt":"2014-03-11T11:33:27.239Z","updatedAt":"2014-03-11T11:33:27.239Z"},
  {"objectId":"532f964ae4b01c555fed15a3","userObjectId":"5306b6bee4b068c9c65860b9","doingListChildObjectId":"530896ade4b01ec7d09149a0","ACL":{"*":{"write":true,"read":true}},"createdAt":"2014-03-24T10:19:54.706Z","updatedAt":"2014-03-24T10:19:54.706Z"},
  {"objectId":"53396ad8e4b05533e362f9c1","userObjectId":"5306b6bee4b068c9c65860b9","doingListChildObjectId":"530896a4e4b01ec7d091498e","ACL":{"*":{"write":true,"read":true}},"createdAt":"2014-03-31T21:17:12.270Z","updatedAt":"2014-03-31T21:17:12.270Z"},
  {"objectId":"53396eb3e4b05533e363032b","userObjectId":"5306b6bee4b068c9c65860b9","doingListChildObjectId":"530896a4e4b01ec7d091498e","ACL":{"*":{"write":true,"read":true}},"createdAt":"2014-03-31T21:33:39.258Z","updatedAt":"2014-03-31T21:33:39.258Z"},
  {"objectId":"53416532e4b090f2b169b78a","userObjectId":"5306b6bee4b068c9c65860b9","doingListChildObjectId":"530896a4e4b01ec7d091498e","ACL":{"*":{"write":true,"read":true}},"createdAt":"2014-04-06T22:31:14.325Z","updatedAt":"2014-04-06T22:31:14.325Z"},
  {"objectId":"534165aae4b090f2b169b85c","userObjectId":"5306b6bee4b068c9c65860b9","doingListChildObjectId":"530896a4e4b01ec7d091498e","ACL":{"*":{"write":true,"read":true}},"createdAt":"2014-04-06T22:33:14.209Z","updatedAt":"2014-04-06T22:33:14.209Z"},
  {"objectId":"5350d5cce4b093fbd4b11680","userObjectId":"5306b6bee4b068c9c65860b9","doingListChildObjectId":"530896a4e4b01ec7d091498e","ACL":{"*":{"write":true,"read":true}},"createdAt":"2014-04-18T15:35:40.192Z","updatedAt":"2014-04-18T15:35:40.192Z"},
  {"objectId":"5350d5d1e4b093fbd4b11683","userObjectId":"5306b6bee4b068c9c65860b9","doingListChildObjectId":"530896b4e4b01ec7d09149ac","ACL":{"*":{"write":true,"read":true}},"createdAt":"2014-04-18T15:35:45.778Z","updatedAt":"2014-04-18T15:35:45.778Z"},
  {"objectId":"5350d5d3e4b093fbd4b11687","userObjectId":"5306b6bee4b068c9c65860b9","doingListChildObjectId":"53089931e4b01ec7d0915000","ACL":{"*":{"write":true,"read":true}},"createdAt":"2014-04-18T15:35:47.612Z","updatedAt":"2014-04-18T15:35:47.612Z"},
  {"objectId":"5350d5d8e4b093fbd4b1168c","userObjectId":"5306b6bee4b068c9c65860b9","doingListChildObjectId":"530896a4e4b01ec7d091498e","ACL":{"*":{"write":true,"read":true}},"createdAt":"2014-04-18T15:35:52.877Z","updatedAt":"2014-04-18T15:35:52.877Z"},
  {"objectId":"5350d5d9e4b093fbd4b1168e","userObjectId":"5306b6bee4b068c9c65860b9","doingListChildObjectId":"530896bde4b01ec7d09149d1","ACL":{"*":{"write":true,"read":true}},"createdAt":"2014-04-18T15:35:53.997Z","updatedAt":"2014-04-18T15:35:53.997Z"},
  {"objectId":"5350d5dbe4b093fbd4b11692","userObjectId":"5306b6bee4b068c9c65860b9","doingListChildObjectId":"5308d262e4b01ec7d091946b","ACL":{"*":{"write":true,"read":true}},"createdAt":"2014-04-18T15:35:55.832Z","updatedAt":"2014-04-18T15:35:55.832Z"},
  {"objectId":"5350d5dde4b093fbd4b11697","userObjectId":"5306b6bee4b068c9c65860b9","doingListChildObjectId":"53089931e4b01ec7d0915000","ACL":{"*":{"write":true,"read":true}},"createdAt":"2014-04-18T15:35:57.813Z","updatedAt":"2014-04-18T15:35:57.813Z"},
  {"objectId":"5355e6bee4b08421758c7370","userObjectId":"5306b6bee4b068c9c65860b9","doingListChildObjectId":"530896a4e4b01ec7d091498e","ACL":{"*":{"write":true,"read":true}},"createdAt":"2014-04-22T11:49:18.848Z","updatedAt":"2014-04-22T11:49:18.848Z"},
  {"objectId":"5355e6c1e4b08421758c7371","userObjectId":"5306b6bee4b068c9c65860b9","doingListChildObjectId":"530896b4e4b01ec7d09149ac","ACL":{"*":{"write":true,"read":true}},"createdAt":"2014-04-22T11:49:21.072Z","updatedAt":"2014-04-22T11:49:21.072Z"},
  {"objectId":"5355e6c7e4b08421758c7375","userObjectId":"5306b6bee4b068c9c65860b9","doingListChildObjectId":"5308d262e4b01ec7d091946b","ACL":{"*":{"write":true,"read":true}},"createdAt":"2014-04-22T11:49:27.703Z","updatedAt":"2014-04-22T11:49:27.703Z"},
  {"objectId":"5355e6e5e4b08421758c7393","userObjectId":"5306b6bee4b068c9c65860b9","doingListChildObjectId":"530896bde4b01ec7d09149d1","ACL":{"*":{"write":true,"read":true}},"createdAt":"2014-04-22T11:49:57.299Z","updatedAt":"2014-04-22T11:49:57.299Z"},
  {"objectId":"53996061e4b00c574e7dc363","userObjectId":"5306b6bee4b068c9c65860b9","doingListChildObjectId":"530896ade4b01ec7d09149a0","ACL":{"*":{"write":true,"read":true}},"createdAt":"2014-06-12T16:10:09.464Z","updatedAt":"2014-06-12T16:10:09.464Z"},
  {"objectId":"539962f5e4b0be5fcf772cd0","userObjectId":"539962ebe4b0be5fcf772cae","doingListChildObjectId":"530896b4e4b01ec7d09149ac","ACL":{"*":{"write":true,"read":true}},"createdAt":"2014-06-12T16:21:09.008Z","updatedAt":"2014-06-12T16:21:09.008Z"},
  {"objectId":"539962f9e4b0be5fcf772ce7","userObjectId":"539962ebe4b0be5fcf772cae","doingListChildObjectId":"530896fbe4b01ec7d0914a34","ACL":{"*":{"write":true,"read":true}},"createdAt":"2014-06-12T16:21:13.936Z","updatedAt":"2014-06-12T16:21:13.936Z"},
  {"objectId":"53996300e4b0be5fcf772cf4","userObjectId":"539962ebe4b0be5fcf772cae","doingListChildObjectId":"53089983e4b01ec7d091509d","ACL":{"*":{"write":true,"read":true}},"createdAt":"2014-06-12T16:21:20.913Z","updatedAt":"2014-06-12T16:21:20.913Z"},
  {"objectId":"5399630ae4b0be5fcf772d0e","userObjectId":"539962ebe4b0be5fcf772cae","doingListChildObjectId":"530896a4e4b01ec7d091498e","ACL":{"*":{"write":true,"read":true}},"createdAt":"2014-06-12T16:21:30.514Z","updatedAt":"2014-06-12T16:21:30.514Z"},
  {"objectId":"5399630ee4b0be5fcf772d1c","userObjectId":"539962ebe4b0be5fcf772cae","doingListChildObjectId":"530896a4e4b01ec7d091498e","ACL":{"*":{"write":true,"read":true}},"createdAt":"2014-06-12T16:21:34.802Z","updatedAt":"2014-06-12T16:21:34.802Z"},
  {"objectId":"53996312e4b0be5fcf772d28","userObjectId":"539962ebe4b0be5fcf772cae","doingListChildObjectId":"530896a4e4b01ec7d091498e","ACL":{"*":{"write":true,"read":true}},"createdAt":"2014-06-12T16:21:38.005Z","updatedAt":"2014-06-12T16:21:38.005Z"},
  {"objectId":"53996316e4b0be5fcf772d36","userObjectId":"539962ebe4b0be5fcf772cae","doingListChildObjectId":"530896a4e4b01ec7d091498e","ACL":{"*":{"write":true,"read":true}},"createdAt":"2014-06-12T16:21:42.962Z","updatedAt":"2014-06-12T16:21:42.962Z"},
  {"objectId":"5399631be4b0be5fcf772d44","userObjectId":"539962ebe4b0be5fcf772cae","doingListChildObjectId":"53089940e4b01ec7d0915015","ACL":{"*":{"write":true,"read":true}},"createdAt":"2014-06-12T16:21:47.654Z","updatedAt":"2014-06-12T16:21:47.654Z"},
  {"objectId":"5399631ee4b0be5fcf772d4b","userObjectId":"539962ebe4b0be5fcf772cae","doingListChildObjectId":"53089940e4b01ec7d0915015","ACL":{"*":{"write":true,"read":true}},"createdAt":"2014-06-12T16:21:50.069Z","updatedAt":"2014-06-12T16:21:50.069Z"},
  {"objectId":"53996321e4b0be5fcf772d58","userObjectId":"539962ebe4b0be5fcf772cae","doingListChildObjectId":"53089931e4b01ec7d0915000","ACL":{"*":{"write":true,"read":true}},"createdAt":"2014-06-12T16:21:53.824Z","updatedAt":"2014-06-12T16:21:53.824Z"},
  {"objectId":"53996323e4b0be5fcf772d5b","userObjectId":"539962ebe4b0be5fcf772cae","doingListChildObjectId":"53089931e4b01ec7d0915000","ACL":{"*":{"write":true,"read":true}},"createdAt":"2014-06-12T16:21:55.510Z","updatedAt":"2014-06-12T16:21:55.510Z"},
  {"objectId":"539967eae4b00c574e7dcf24","userObjectId":"5306b6bee4b068c9c65860b9","doingListChildObjectId":"530896a4e4b01ec7d091498e","ACL":{"*":{"write":true,"read":true}},"createdAt":"2014-06-12T16:42:18.548Z","updatedAt":"2014-06-12T16:42:18.548Z"},
  {"objectId":"539967f9e4b00c574e7dcf2f","userObjectId":"5306b6bee4b068c9c65860b9","doingListChildObjectId":"530896b4e4b01ec7d09149ac","ACL":{"*":{"write":true,"read":true}},"createdAt":"2014-06-12T16:42:33.136Z","updatedAt":"2014-06-12T16:42:33.136Z"},
  {"objectId":"53996800e4b00c574e7dcf43","userObjectId":"5306b6bee4b068c9c65860b9","doingListChildObjectId":"530896b4e4b01ec7d09149ac","ACL":{"*":{"write":true,"read":true}},"createdAt":"2014-06-12T16:42:40.438Z","updatedAt":"2014-06-12T16:42:40.438Z"},
  {"objectId":"53996803e4b00c574e7dcf4b","userObjectId":"5306b6bee4b068c9c65860b9","doingListChildObjectId":"530896bde4b01ec7d09149d1","ACL":{"*":{"write":true,"read":true}},"createdAt":"2014-06-12T16:42:43.636Z","updatedAt":"2014-06-12T16:42:43.636Z"},
  {"objectId":"53996805e4b00c574e7dcf4c","userObjectId":"5306b6bee4b068c9c65860b9","doingListChildObjectId":"530896bde4b01ec7d09149d1","ACL":{"*":{"write":true,"read":true}},"createdAt":"2014-06-12T16:42:45.419Z","updatedAt":"2014-06-12T16:42:45.419Z"},
  {"objectId":"53996807e4b00c574e7dcf4e","userObjectId":"5306b6bee4b068c9c65860b9","doingListChildObjectId":"530896bde4b01ec7d09149d1","ACL":{"*":{"write":true,"read":true}},"createdAt":"2014-06-12T16:42:47.486Z","updatedAt":"2014-06-12T16:42:47.486Z"},
  {"objectId":"53996821e4b00c574e7dcf6f","userObjectId":"5306b6bee4b068c9c65860b9","doingListChildObjectId":"53089983e4b01ec7d091509d","ACL":{"*":{"write":true,"read":true}},"createdAt":"2014-06-12T16:43:13.736Z","updatedAt":"2014-06-12T16:43:13.736Z"}] }