{ "results": [

  {"objectId":"531321d5e4b02c705286a8b8","ACL":{"*":{"write":true,"read":true}},"IsResponseToUser":false,"UserObjectId":"5306b6bee4b068c9c65860b9","UserSuggestion":"啊啊啊","createdAt":"2014-03-02T20:19:33.615Z","updatedAt":"2014-03-05T20:04:08.187Z"},
  {"objectId":"531322cfe4b02c705286a933","ACL":{"*":{"read":true,"write":true}},"IsResponseToUser":false,"UserObjectId":"5306b6bee4b068c9c65860b9","UserSuggestion":"人人","createdAt":"2014-03-02T20:23:43.029Z","updatedAt":"2014-03-05T20:04:45.129Z"},
  {"objectId":"531712c7e4b018d1ec879d98","ACL":{"*":{"read":true}},"IsResponseToUser":true,"UserObjectId":"5306b6bee4b068c9c65860b9","UserSuggestion":"this is response","createdAt":"2014-03-05T20:04:23.224Z","updatedAt":"2014-03-05T20:04:58.489Z"},
  {"objectId":"53180632e4b079c9b2276637","UserSuggestion":"你好吧！急急急需要成功能力量化妆品质量化妆师妹子宫廷shdhdhdh","UserObjectId":"5306f75ee4b068c9c6594c69","ACL":{"*":{"write":true,"read":true}},"createdAt":"2014-03-06T13:22:58.033Z","updatedAt":"2014-03-06T13:22:58.033Z"},
  {"objectId":"5399633ee4b0be5fcf772db3","UserSuggestion":"做的真不错，谢谢，来自avos cloud","UserObjectId":"539962ebe4b0be5fcf772cae","ACL":{"*":{"write":true,"read":true}},"createdAt":"2014-06-12T16:22:22.915Z","updatedAt":"2014-06-12T16:22:22.915Z"}] }